{
  "D_adv": [
    0.6447338633341332,
    0.5267929048298701,
    0.49485115414340747,
    0.4982753960781446,
    0.5046957976197544,
    0.5312099765697026,
    0.5362168772307705,
    0.548873699555114,
    0.550202291714002,
    0.5530123803169216,
    0.5534810340839978,
    0.5500819210864637,
    0.5518838549585647,
    0.5606437069640312,
    0.5550396457382533,
    0.5617491582485095,
    0.5690428301623968,
    0.5694324909007713,
    0.5669253517503607,
    0.5788575428533772,
    0.571595131398336,
    0.5776104709329126,
    0.5851765065432684,
    0.5767687530550238,
    0.5810841064747065
  ],
  "G_adv": [
    1.4443595452940083,
    1.7545810347278368,
    1.926048915135806,
    1.824013794938179,
    1.7797774168998683,
    1.593715435838046,
    1.5786907667438734,
    1.4977565277112674,
    1.4679884368970515,
    1.4344785918383838,
    1.41478307579206,
    1.449317283281997,
    1.4173857191381933,
    1.384683997663733,
    1.3959212096314453,
    1.3822501345312215,
    1.366765316218546,
    1.3278329015866805,
    1.3426863376952742,
    1.2909112648876835,
    1.3421779552551165,
    1.2760839769829353,
    1.2507134569834357,
    1.2883466860475061,
    1.273070362332749
  ],
  "L1_global": [
    0.033772755584352096,
    0.027289866720704728,
    0.026511498152801436,
    0.02485942005362685,
    0.023936163480967693,
    0.02303032081182961,
    0.022310280202798648,
    0.021832724067820535,
    0.020853921681744596,
    0.020584393475527905,
    0.01979063146377671,
    0.02041801357786405,
    0.01971381119363112,
    0.019274176910655683,
    0.01940852171873257,
    0.018710557783881553,
    0.018303731566966942,
    0.018559296096602805,
    0.01833747338384526,
    0.017936896269111872,
    0.018177406666757854,
    0.018122889705376538,
    0.01760409279092806,
    0.017737352242480676,
    0.017582451384599622
  ],
  "L1_hole": [
    0.033772755652393925,
    0.02728986678874656,
    0.02651149822084327,
    0.024859420070637305,
    0.02393616348947292,
    0.023030320879871443,
    0.022310280275093092,
    0.021832724106094065,
    0.020853921698755055,
    0.020584393505296207,
    0.0197906314595241,
    0.020418013645905883,
    0.01971381117662066,
    0.01927417695318183,
    0.019408521752753486,
    0.018710557788134165,
    0.018303731588230013,
    0.018559296156139406,
    0.01833747339235049,
    0.017936896273364488,
    0.018177406717789227,
    0.01812288972663961,
    0.01760409282920159,
    0.01773735227650159,
    0.017582451482409757
  ],
  "L1_boundary": [
    0.18192413816713307,
    0.17128606977528088,
    0.16131943362216428,
    0.11628711301850402,
    0.11166178744677539,
    0.10487029167342948,
    0.09968788217600077,
    0.09624685289244674,
    0.08839596580016558,
    0.08939005852970358,
    0.08633580531703827,
    0.08677064331427012,
    0.08738780406103831,
    0.08319349799594378,
    0.08831075225110467,
    0.08252495649742754,
    0.08097166993302297,
    0.08081949141607982,
    0.08027002878793299,
    0.07808919074056356,
    0.08153023892273642,
    0.0782008430150818,
    0.07562734741190252,
    0.07737774160354649,
    0.07496741650515495
  ],
  "VGG_hole": [
    null,
    null,
    null,
    null,
    null,
    null,
    null,
    null,
    null,
    null,
    null,
    null,
    null,
    null,
    null,
    null,
    null,
    null,
    null,
    null,
    null,
    null,
    null,
    null,
    null
  ],
  "LPIPS_hole": [
    0.1977374042005844,
    0.17837159049837556,
    0.17089085818425706,
    0.15456245710316313,
    0.14532532321808,
    0.12416130909908853,
    0.10937476532372166,
    0.09944247631313594,
    0.08957341180680549,
    0.08386111116572602,
    0.08000890226805046,
    0.08073818288981642,
    0.0784812157114619,
    0.07742509837836435,
    0.07583820132632234,
    0.07348551087455663,
    0.07191663092538102,
    0.07100491215513177,
    0.07006071827727366,
    0.06832887763029909,
    0.07026172345971952,
    0.06873877358422976,
    0.06697972707416369,
    0.06752109954550387,
    0.06607060741684208
  ],
  "G_total": [
    1.656882948527053,
    1.9272388165399907,
    2.093662457379032,
    1.980898434168672,
    1.9306606674847537,
    1.738105431539283,
    1.7180211832534233,
    1.6337249948553842,
    1.597590639166636,
    1.5621780080882381,
    1.5375273097051334,
    1.575862275411005,
    1.5395926405850067,
    1.5042003099232504,
    1.5161642516584701,
    1.4981877586068628,
    1.480183532793228,
    1.442738922763633,
    1.456214212935809,
    1.4019490856013885,
    1.4547554815196555,
    1.388258253058342,
    1.3596869998326584,
    1.3981468563210475,
    1.3818685948576557
  ],
  "D_adv_val": [
    0.6439177479062762,
    0.4685155845114163,
    0.4532049947551319,
    0.5428403775606837,
    0.5006524654371398,
    0.5875978256974902,
    0.5991738587617874,
    0.5746830797621182,
    0.5656803314174924,
    0.5693712447370801,
    0.5469120112912995,
    0.573539959532874,
    0.5629875979253224,
    0.4874169187886374,
    0.6097152382135391,
    0.5518238501889365,
    0.5933194735220501,
    0.6174148129565376,
    0.6028072280543191,
    0.6233768931456974,
    0.6000009477138519,
    0.612346493772098,
    0.6194181059088025,
    0.6071447368179049,
    0.569609730371407
  ],
  "G_adv_val": [
    0.8743581814425332,
    1.7766124691282,
    1.7437652732644762,
    1.2716436300958907,
    1.422177987439292,
    1.2461480796337128,
    0.9185732517923627,
    1.201107599905559,
    1.2333486676216125,
    1.2758811201368059,
    1.1499672319207872,
    1.209643344794001,
    1.2397357949188776,
    1.6724988562720162,
    1.0437052420207433,
    1.0675742413316454,
    1.113216187272753,
    0.9964174010923931,
    1.035959473678044,
    1.007315171616418,
    1.123140628848757,
    0.9788876473903656,
    0.9215939172676632,
    1.095217845269612,
    1.2389856151172094
  ],
  "L1_global_val": [
    0.059351250396243165,
    0.025724828110209534,
    0.026843001866447076,
    0.021959757498864616,
    0.02072785921128733,
    0.024841353363756622,
    0.024529701630984033,
    0.026342866609671285,
    0.02050122811592051,
    0.01947212911077908,
    0.019515529474509612,
    0.01987820361474795,
    0.01871467411651143,
    0.017591166709150587,
    0.01918973374579634,
    0.020660567429981062,
    0.01960644152547632,
    0.023051125795713494,
    0.018406371186886514,
    0.017544945535649146,
    0.018547841347754,
    0.017451775293531164,
    0.01923758184005107,
    0.018517769274434874,
    0.018924688288409795
  ],
  "L1_hole_val": [
    0.059351250529289246,
    0.02572482850934778,
    0.026843002066016197,
    0.021959757565387657,
    0.02072785921128733,
    0.024841353563325747,
    0.024529701764030114,
    0.026342866676194326,
    0.020501228315489634,
    0.019472129243825163,
    0.019515529407986572,
    0.01987820368127099,
    0.01871467418303447,
    0.01759116690871971,
    0.019189733945365463,
    0.020660567363458022,
    0.019606441325907196,
    0.023051125995282615,
    0.018406371053840433,
    0.017544945535649146,
    0.01854784128123096,
    0.017451775260269642,
    0.019237581806789552,
    0.018517769407480955,
    0.018924688288409795
  ],
  "L1_boundary_val": [
    0.2197077577667577,
    0.24162419619304792,
    0.15979910109724318,
    0.09512849764100142,
    0.08854537324181624,
    0.10517773857074124,
    0.10308914205857686,
    0.09237115564090866,
    0.07989298978022166,
    0.08498908925269331,
    0.0858926150415625,
    0.08244692800300461,
    0.0749277477817876,
    0.06821067458284753,
    0.07669348535793168,
    0.09645358818982329,
    0.07985507084855012,
    0.07322593086532184,
    0.07053366117179394,
    0.07112352204109941,
    0.07613484242132731,
    0.07197356623198305,
    0.06731993026499238,
    0.07837055011519364,
    0.08354766879762922
  ],