{
  "D_adv": 0.6068124419876507,
  "G_adv": 0.9434701523610524,
  "L1_global": 0.018791134136595895,
  "L1_hole": 0.018791133937026774,
  "L1_boundary": 0.06763859891465732,
  "VGG_hole": null,
  "LPIPS_hole": 0.07600455970636436
}