{
  "D_adv": 0.6089843256132943,
  "G_adv": 1.1897178441286087,
  "L1_global": 0.01882138881566269,
  "L1_hole": 0.01882138881566269,
  "L1_boundary": 0.0,
  "VGG_hole": null,
  "LPIPS_hole": 0.049942697664456706
}