{
  "D_adv": 0.6139848913465228,
  "G_adv": 0.9859134916748319,
  "L1_global": 0.01687793999112078,
  "L1_hole": 0.01687793999112078,
  "L1_boundary": 0.0,
  "VGG_hole": null,
  "LPIPS_hole": 0.043037302792072296
}