{
  "D_adv": 0.6595409022910255,
  "G_adv": 0.9388380625418254,
  "L1_global": 0.017495573731139302,
  "L1_hole": 0.017495573731139302,
  "L1_boundary": 0.0,
  "VGG_hole": null,
  "LPIPS_hole": 0.048008566057043414
}