{
  "D_adv": 0.6353211168731961,
  "G_adv": 0.9271947571209499,
  "L1_global": 0.017623335289369737,
  "L1_hole": 0.017623335289369737,
  "L1_boundary": 0.038340388398085325,
  "VGG_hole": null,
  "LPIPS_hole": 0.06641055789909192
}