{
  "D_adv": 0.6159985874380384,
  "G_adv": 0.9520431799548013,
  "L1_global": 0.016781004312049066,
  "L1_hole": 0.016781004312049066,
  "L1_boundary": 0.0,
  "VGG_hole": null,
  "LPIPS_hole": 0.04648863524198532
}