{
  "D_adv": 0.6294238971812385,
  "G_adv": 0.9071414726121085,
  "L1_global": 0.01658620053370084,
  "L1_hole": 0.016586200733269964,
  "L1_boundary": 0.03426870856700199,
  "VGG_hole": null,
  "LPIPS_hole": 0.059260549555931775
}