{
  "D_adv": 0.6765359725270953,
  "G_adv": 1.1116850078105927,
  "L1_global": 0.01784267825340586,
  "L1_hole": 0.01784267825340586,
  "L1_boundary": 0.0,
  "VGG_hole": null,
  "LPIPS_hole": 0.047375494348151345
}